sensor,x_gt,y_gt,vx_gt,vy_gt,p_x,p_y,vx,vy,RMSE_x,RMSE_y,RMSE_vx,RMSE_vy
L,0.6,0.6,5.19994,0,0.312243,0.58034,0.438791,0.239713,0.287757,0.0196602,4.76115,0.239713
R,0.859997,0.600045,5.19975,0.00179686,0.114739,0.987955,0.438791,0.239713,0.564896,0.274646,4.76105,0.238816
L,1.11998,0.600225,5.19943,0.00538996,0.789566,0.503103,1.451,0.912404,0.499129,0.231152,4.44919,0.55879
R,1.37996,0.600629,5.19898,0.0107781,0.832066,0.531676,1.4518,0.911116,0.511755,0.203131,4.28449,0.660936
L,1.6399,0.601347,5.19839,0.0179597,1.33607,0.612297,3.22626,-0.499226,0.47747,0.181752,3.93234,0.634796
R,1.89982,0.60247,5.19766,0.0269323,1.43684,0.599008,3.22266,-0.521965,0.475086,0.165922,3.67916,0.621305
L,2.1597,0.604086,5.19678,0.0376932,1.92733,0.641873,4.61537,0.313508,0.448528,0.154276,3.41332,0.584587
R,2.41954,0.606284,5.19573,0.0502389,2.12287,0.654137,4.61639,0.298042,0.432471,0.145301,3.19943,0.553805
L,2.67932,0.609155,5.1945,0.0645654,2.50982,0.662344,5.24239,0.22476,0.411634,0.138133,3.01649,0.524856
R,2.93904,0.612786,5.19309,0.080668,2.76106,0.672131,5.24329,0.202661,0.394545,0.132382,2.86174,0.499414
L,3.19869,0.617267,5.19147,0.0985415,3.01196,0.647171,5.24924,-0.014236,0.380374,0.126543,2.72862,0.477385
R,3.45825,0.622685,5.18963,0.11818,3.26864,0.645465,5.24905,-0.0469309,0.368271,0.121334,2.61251,0.45954
L,3.71772,0.62913,5.18754,0.139576,3.70327,0.409535,5.54781,-1.42467,0.353846,0.131525,2.51201,0.618993
R,3.97708,0.636689,5.18519,0.162724,3.97406,0.335725,5.50451,-1.58377,0.340976,0.15011,2.42213,0.757403
L,4.23632,0.645449,5.18256,0.187614,4.28436,0.478011,5.73258,-0.460064,0.329647,0.151327,2.34431,0.750587
R,4.49542,0.655498,5.17962,0.214238,4.56567,0.45516,5.73225,-0.464105,0.319662,0.154846,2.27407,0.746277
L,4.75437,0.666921,5.17634,0.242587,4.65663,0.735563,5.17867,1.00024,0.311023,0.151142,2.20617,0.746951
R,5.01315,0.679804,5.1727,0.272649,4.91082,0.788588,5.14546,1.15905,0.303221,0.149105,2.14402,0.755374
L,5.27175,0.694234,5.16867,0.304413,5.30061,0.711645,5.4927,0.63957,0.295208,0.145183,2.08816,0.739237
R,5.53013,0.710295,5.16422,0.337868,5.57153,0.745288,5.48219,0.724094,0.287882,0.141723,2.03653,0.725676
L,5.78828,0.728072,5.15932,0.372999,5.90706,0.729929,5.60764,0.543018,0.282137,0.138308,1.98986,0.709159
R,6.04618,0.747647,5.15393,0.409793,6.1846,0.758289,5.60176,0.600679,0.277226,0.135147,1.94645,0.694048
L,6.30379,0.769103,5.14803,0.448233,6.41732,0.891044,5.47338,1.09996,0.272163,0.1346,1.90487,0.692262
R,6.5611,0.792523,5.14157,0.488305,6.68853,0.948095,5.45318,1.19611,0.267699,0.135539,1.86585,0.692917
L,6.81808,0.817988,5.13452,0.52999,6.91619,0.846001,5.44766,0.671485,0.263024,0.132918,1.82923,0.679506
R,7.07469,0.845578,5.12685,0.573269,7.18695,0.88063,5.44163,0.718652,0.258854,0.130518,1.79476,0.666921
L,7.3309,0.875373,5.11851,0.618123,7.36338,0.9505,5.30056,0.896189,0.254092,0.128892,1.76156,0.656638
R,7.58668,0.907449,5.10946,0.664531,7.62705,0.996593,5.29064,0.953037,0.24963,0.127686,1.73016,0.647107
L,7.84199,0.941886,5.09966,0.712469,7.87836,0.881047,5.30416,0.492368,0.245381,0.125972,1.70049,0.637164
R,8.0968,0.978759,5.08907,0.761915,8.14264,0.906183,5.30206,0.514524,0.241402,0.124562,1.67236,0.628081
L,8.35106,1.01814,5.07766,0.812843,8.36861,0.891925,5.26003,0.425248,0.237497,0.124616,1.64549,0.621777
R,8.60472,1.06011,5.06537,0.865226,8.63088,0.913548,5.25878,0.440474,0.233803,0.12536,1.61994,0.616573
L,8.85775,1.10473,5.05216,0.919037,8.85526,0.990962,5.21071,0.610811,0.230233,0.125024,1.59544,0.609526
R,9.1101,1.15208,5.03798,0.974245,9.11515,1.02207,5.20781,0.635088,0.226824,0.125174,1.57208,0.603306
L,9.36172,1.20223,5.0228,1.03082,9.34769,1.05444,5.1774,0.662212,0.223573,0.125876,1.54968,0.59788
R,9.61255,1.25524,5.00656,1.08873,9.606,1.08812,5.17422,0.686637,0.220448,0.127203,1.52826,0.593314
L,9.86254,1.31118,4.98922,1.14794,9.89788,1.25464,5.16888,1.02633,0.217527,0.125816,1.50775,0.585583
R,10.1117,1.37011,4.97074,1.20841,10.1557,1.30691,5.1607,1.0667,0.214764,0.124572,1.4881,0.578284
L,10.3598,1.4321,4.95106,1.2701,10.3765,1.40433,5.10262,1.2075,0.21201,0.123045,1.4691,0.57091
R,10.6069,1.49721,4.93014,1.33298,10.631,1.46576,5.09175,1.25255,0.209377,0.121599,1.45084,0.563872
L,10.853,1.56549,4.90794,1.39701,10.8561,1.50429,5.06391,1.24612,0.206809,0.120486,1.43325,0.557451
R,11.0979,1.637,4.8844,1.46213,11.1087,1.5676,5.05323,1.28876,0.204339,0.119524,1.41632,0.551424
L,11.3416,1.71179,4.85948,1.52832,11.4054,1.6193,5.08608,1.29786,0.202183,0.118965,1.40018,0.546106
R,11.584,1.78992,4.83313,1.59551,11.6591,1.68516,5.07548,1.33873,0.200193,0.118661,1.38466,0.541251
L,11.8251,1.87144,4.80531,1.66366,11.8874,1.7549,5.04263,1.38655,0.198174,0.118615,1.36965,0.536795
R,12.0647,1.95639,4.77598,1.73273,12.139,1.8252,5.03115,1.42764,0.196313,0.118902,1.3552,0.532831
L,12.3029,2.04482,4.74508,1.80265,12.3816,1.86092,5.02508,1.40092,0.194553,0.12065,1.34133,0.530379
R,12.5394,2.13677,4.71257,1.87338,12.6324,1.93187,5.01427,1.43915,0.192982,0.122996,1.328,0.528554
L,12.7743,2.23227,4.67842,1.94485,12.8248,2.07137,4.93148,1.60675,0.191139,0.123885,1.31487,0.525358
R,13.0075,2.33137,4.64258,2.01701,13.0708,2.15273,4.91715,1.6501,0.18943,0.125215,1.30224,0.52266
L,13.2388,2.43409,4.605,2.08981,13.2698,2.29943,4.83853,1.80974,0.187614,0.125407,1.28982,0.518994
R,13.4682,2.54047,4.56565,2.16317,13.5111,2.39105,4.82044,1.85739,0.185897,0.125912,1.27785,0.515726
L,13.6955,2.65053,4.52448,2.23703,13.7603,2.52477,4.79116,1.97001,0.18435,0.125909,1.26627,0.512152
R,13.9208,2.7643,4.48147,2.31134,13.9992,2.62445,4.77049,2.01956,0.182946,0.126181,1.2551,0.508939
L,14.1439,2.88179,4.43656,2.38601,14.2232,2.79227,4.70597,2.17813,0.181591,0.12561,1.24417,0.50507
R,14.3646,3.00303,4.38974,2.46099,14.4577,2.90243,4.6811,2.23109,0.180392,0.125207,1.23363,0.501482
L,14.583,3.12802,4.34097,2.5362,14.6575,2.99455,4.63813,2.25769,0.179075,0.125357,1.22339,0.49843
R,14.7989,3.25679,4.29021,2.61157,14.8886,3.10867,4.61257,2.30947,0.177914,0.125784,1.21354,0.495705
L,15.0122,3.38932,4.23744,2.68703,15.089,3.30959,4.51668,2.49659,0.176684,0.125145,1.20376,0.492111
R,15.2228,3.52563,4.18263,2.76249,15.314,3.43574,4.48538,2.55241,0.1756,0.124639,1.19432,0.488746
L,15.4306,3.66572,4.12575,2.83789,15.5209,3.63832,4.39639,2.72128,0.174538,0.123663,1.185,0.484953
R,15.6355,3.80957,4.06678,2.91315,15.7397,3.77578,4.35956,2.7799,0.173629,0.122737,1.17599,0.481324
L,15.8375,3.95719,4.00571,2.98817,15.9553,3.93769,4.30765,2.86964,0.172884,0.121783,1.16724,0.477722
R,16.0363,4.10854,3.94251,3.0629,16.1696,4.08256,4.26808,2.92818,0.172336,0.120872,1.1588,0.474274
L,16.2319,4.26363,3.87716,3.13723,16.3602,4.28949,4.16994,3.07558,0.171744,0.119981,1.15043,0.470674
R,16.4242,4.42242,3.80966,3.21109,16.5675,4.44469,4.12493,3.13569,0.171349,0.119101,1.14234,0.467187
L,16.613,4.5849,3.74,3.28438,16.7386,4.63161,4.02705,3.24409,0.170757,0.118346,1.13432,0.463713
R,16.7983,4.75103,3.66817,3.35704,16.9386,4.79523,3.97765,3.30448,0.170349,0.117595,1.12658,0.460335
L,16.9799,4.92077,3.59416,3.42897,17.0944,5.03304,3.83591,3.47037,0.16967,0.117519,1.11876,0.457014
R,17.1579,5.09409,3.51797,3.50008,17.2846,5.20801,3.77913,3.53212,0.169134,0.117469,1.11118,0.453754
L,17.3319,5.27094,3.4396,3.57028,17.4352,5.41076,3.66453,3.63535,0.168386,0.117813,1.10365,0.450614
R,17.5019,5.45128,3.35907,3.63949,17.6168,5.59395,3.60288,3.69646,0.16776,0.118194,1.09634,0.447524
L,17.6679,5.63506,3.27637,3.70762,17.8048,5.7447,3.57562,3.70987,0.167375,0.118081,1.08936,0.444448
R,17.8297,5.82221,3.19151,3.77458,17.9819,5.93154,3.51441,3.7679,0.167179,0.117967,1.08263,0.441435
L,17.9872,6.01269,3.10453,3.84027,18.1466,6.13447,3.43233,3.84391,0.167078,0.118019,1.07605,0.438483
R,18.1402,6.20641,3.01542,3.90462,18.3165,6.32797,3.36808,3.90033,0.167202,0.118066,1.06972,0.435589
L,18.2888,6.40332,2.92421,3.96753,18.4198,6.57484,3.19162,4.0346,0.166782,0.118914,1.06318,0.432819
R,18.4328,6.60333,2.83093,4.0289,18.5775,6.77786,3.11956,4.09057,0.166517,0.119791,1.05685,0.430092
L,18.572,6.80638,2.7356,4.08867,18.7102,6.95082,3.04278,4.116,0.166188,0.120134,1.05071,0.427372
R,18.7064,7.01237,2.63825,4.14672,18.8604,7.15783,2.96949,4.16919,0.166041,0.120484,1.04478,0.4247
L,18.8359,7.22122,2.53893,4.20299,19.0501,7.31896,2.98267,4.15474,0.16672,0.120229,1.03948,0.422104
R,18.9604,7.43283,2.43767,4.25737,19.1973,7.52782,2.91246,4.20425,0.167754,0.119954,1.03445,0.419564
L,19.0798,7.64712,2.3345,4.3098,19.2605,7.79047,2.70186,4.33158,0.167916,0.120263,1.02899,0.417035
R,19.1939,7.86397,2.22949,4.36017,19.3935,8.00814,2.6228,4.37991,0.168329,0.120575,1.02375,0.414551
L,19.3028,8.08329,2.12266,4.40842,19.4438,8.23894,2.42878,4.4592,0.168033,0.121047,1.01825,0.412142
R,19.4062,8.30497,2.01409,4.45445,19.563,8.46293,2.34277,4.50498,0.167907,0.12154,1.01293,0.409775
L,19.5042,8.5289,1.90381,4.49819,19.6312,8.64315,2.22023,4.51786,0.167493,0.121459,1.00767,0.407419
R,19.5966,8.75494,1.7919,4.53956,19.7399,8.86998,2.13185,4.56024,0.167238,0.121388,1.00258,0.405103
L,19.6835,8.983,1.67841,4.57848,19.8966,9.0501,2.14667,4.54415,0.167824,0.120913,0.998166,0.402838
R,19.7645,9.21294,1.56341,4.61488,20.0018,9.27815,2.06222,4.58309,0.168753,0.120436,0.993997,0.400607
L,19.8398,9.44463,1.44697,4.64869,20.1192,9.49586,2.00793,4.60561,0.170359,0.119893,0.990268,0.398426
R,19.9093,9.67795,1.32916,4.67984,20.2174,9.7269,1.92369,4.64142,0.172449,0.119349,0.98682,0.396275
L,19.9728,9.91275,1.21005,4.70826,20.2773,9.96158,1.7872,4.68493,0.174403,0.118813,0.983323,0.394146
R,20.0303,10.1489,1.08972,4.73389,20.3644,10.1965,1.69937,4.7175,0.176863,0.118282,0.980098,0.392047
L,20.0818,10.3863,0.968259,4.75666,20.375,10.457,1.48896,4.78041,0.178484,0.117881,0.976388,0.389986
R,20.1271,10.6247,0.845742,4.77652,20.447,10.6966,1.3942,4.8089,0.18053,0.117494,0.972901,0.387964
L,20.1663,10.864,0.722256,4.7934,20.4736,10.9577,1.22551,4.85595,0.182286,0.117273,0.969221,0.386011
R,20.1993,11.1041,0.597892,4.80727,20.5323,11.2009,1.1262,4.87994,0.184447,0.117082,0.965739,0.384107
L,20.2261,11.3449,0.472738,4.81807,20.5218,11.4457,0.924641,4.90602,0.185903,0.116929,0.961922,0.382264
R,20.2466,11.5861,0.346889,4.82575,20.5654,11.6913,0.819946,4.9246,0.187698,0.116818,0.958269,0.380476
L,20.2608,11.8275,0.220439,4.83027,20.6062,11.9379,0.718872,4.941,0.189902,0.116755,0.954802,0.378748
R,20.2687,12.0692,0.093487,4.83159,20.6395,12.1852,0.613654,4.95516,0.192504,0.116748,0.951505,0.377086
L,20.2701,12.3108,-0.0338694,4.82968,20.5733,12.457,0.345345,4.97932,0.193883,0.11707,0.947612,0.37554
R,20.2652,12.5522,-0.161529,4.82451,20.5878,12.706,0.232495,4.98587,0.195523,0.117478,0.943836,0.374065
L,20.254,12.7933,-0.28939,4.81605,20.5721,12.9503,0.0810019,4.98362,0.19705,0.117917,0.940026,0.372639
R,20.2363,13.0339,-0.417348,4.80428,20.5733,13.1993,-0.0336145,4.98417,0.198831,0.118454,0.936324,0.371288
L,20.2122,13.2738,-0.545298,4.78918,20.4738,13.422,-0.296894,4.94683,0.199509,0.118767,0.932248,0.369863
R,20.1818,13.5129,-0.673135,4.77072,20.4559,13.669,-0.417347,4.93812,0.200328,0.119168,0.928248,0.368499
L,20.1449,13.7509,-0.800753,4.74892,20.4028,13.9143,-0.585642,4.91801,0.20093,0.119648,0.92421,0.367162
R,20.1017,13.9878,-0.928043,4.72374,20.3704,14.1597,-0.707391,4.90198,0.20165,0.120225,0.92024,0.365885
L,20.0521,14.2233,-1.0549,4.69521,20.2741,14.398,-0.922953,4.85972,0.201843,0.120825,0.916171,0.364567
R,19.9962,14.4573,-1.18121,4.66331,20.2249,14.6402,-1.04725,4.83445,0.202098,0.12152,0.912159,0.363296
L,19.934,14.6897,-1.30687,4.62805,20.0611,14.8682,-1.34543,4.75186,0.201557,0.122141,0.908122,0.361873
R,19.8655,14.9202,-1.43177,4.58944,19.9906,15.1047,-1.4743,4.71347,0.201013,0.122826,0.904139,0.360469
L,19.7908,15.1486,-1.55581,4.54751,19.9425,15.323,-1.55472,4.67439,0.200637,0.123367,0.900199,0.359093
R,19.7099,15.3749,-1.67887,4.50226,19.8616,15.5555,-1.67984,4.6309,0.200266,0.123973,0.89631,0.357742
L,19.6229,15.5989,-1.80085,4.45372,19.8088,15.7584,-1.74929,4.58184,0.200148,0.124319,0.892485,0.356406
R,19.5298,15.8203,-1.92164,4.40193,19.7184,15.9861,-1.87032,4.53377,0.200053,0.124729,0.888707,0.355101
L,19.4307,16.039,-2.04114,4.3469,19.5763,16.1811,-2.06192,4.43457,0.199658,0.124885,0.884967,0.353697
R,19.3257,16.2549,-2.15925,4.28868,19.4703,16.4012,-2.1824,4.37653,0.199262,0.125078,0.881275,0.352311
L,19.2148,16.4679,-2.27586,4.22731,19.3138,16.5675,-2.3718,4.24771,0.19864,0.124889,0.877669,0.350857
R,19.0981,16.6777,-2.39087,4.16284,19.1923,16.7781,-2.49089,4.17898,0.198008,0.124708,0.874112,0.349419
L,18.9757,16.8841,-2.50418,4.0953,19.0422,16.962,-2.64331,4.07254,0.197293,0.124399,0.870641,0.348002
R,18.8477,17.0872,-2.61571,4.02476,18.9072,17.1636,-2.75919,3.99494,0.196568,0.124086,0.867219,0.346606
L,18.7142,17.2866,-2.72534,3.95127,18.7284,17.3568,-2.92651,3.88311,0.195785,0.123748,0.863931,0.345271
R,18.5752,17.4822,-2.83299,3.87489,18.5794,17.5486,-3.03873,3.79594,0.195006,0.123398,0.860691,0.34397
L,18.4309,17.674,-2.93858,3.79568,18.3334,17.6897,-3.27695,3.59175,0.19443,0.122919,0.857821,0.343091
R,18.2814,17.8617,-3.042,3.71372,18.1669,17.8667,-3.38568,3.48944,0.193933,0.122438,0.855004,0.342322
L,18.1268,18.0453,-3.14318,3.62906,18.0474,18.0532,-3.42249,3.43996,0.193307,0.121965,0.852038,0.341399
R,17.9671,18.2246,-3.24204,3.5418,17.8738,18.2225,-3.5241,3.33579,0.192736,0.121495,0.849115,0.340563
L,17.8026,18.3994,-3.3385,3.45199,17.7319,18.3721,-3.58121,3.2413,0.192098,0.121054,0.846134,0.33976
R,17.6334,18.5697,-3.43247,3.35973,17.5506,18.5314,-3.67611,3.13326,0.191505,0.120641,0.84319,0.339044
L,17.4595,18.7353,-3.5239,3.26509,17.3704,18.6899,-3.75995,3.0323,0.190939,0.120251,0.840263,0.33837
R,17.281,18.8962,-3.61271,3.16817,17.1803,18.8386,-3.84823,2.91945,0.190425,0.119904,0.837369,0.337789
L,17.0983,19.0521,-3.69883,3.06904,17.0199,18.9779,-3.89655,2.82505,0.189838,0.11963,0.834436,0.33719
R,16.9113,19.203,-3.78221,2.9678,16.8231,19.1162,-3.97793,2.70925,0.18929,0.119422,0.831531,0.336679
L,16.7201,19.3488,-3.86278,2.86455,16.5975,19.2064,-4.0909,2.51981,0.188889,0.119606,0.82872,0.336738
R,16.5251,19.4894,-3.9405,2.75938,16.3912,19.3292,-4.16497,2.39541,0.188548,0.119949,0.825933,0.336943
L,16.3262,19.6246,-4.01531,2.65237,16.2046,19.4848,-4.20451,2.33688,0.188152,0.120104,0.823113,0.336794
R,16.1237,19.7545,-4.08716,2.54364,15.9928,19.5984,-4.27152,2.21202,0.187805,0.120399,0.820316,0.336757
L,15.9176,19.8789,-4.15602,2.43329,15.8177,19.7519,-4.28775,2.17521,0.187327,0.120448,0.817478,0.336264
R,15.7082,19.9978,-4.22185,2.32141,15.6019,19.8575,-4.34817,2.05176,0.186879,0.120599,0.814663,0.335841
L,15.4956,20.111,-4.28461,2.2081,15.4087,20.0109,-4.37086,2.0188,0.186367,0.120468,0.811842,0.335039
R,15.2799,20.2185,-4.34427,2.09347,15.1889,20.1087,-4.4251,1.89694,0.185873,0.120397,0.809046,0.334275
L,15.0613,20.3203,-4.4008,1.97763,15.0243,20.2717,-4.41025,1.91056,0.185257,0.120049,0.806252,0.333167
R,14.84,20.4162,-4.4542,1.86068,14.8027,20.3642,-4.45918,1.79339,0.184647,0.119715,0.803486,0.332071
L,14.6161,20.5063,-4.50443,1.74272,14.6043,20.4941,-4.47439,1.75253,0.18402,0.119311,0.800752,0.33094
R,14.3897,20.5904,-4.55149,1.62386,14.3796,20.5788,-4.51794,1.63698,0.183399,0.118911,0.798047,0.329822
L,14.1611,20.6686,-4.59537,1.50421,14.1321,20.6353,-4.57935,1.47591,0.182798,0.118543,0.795366,0.328722
R,13.9304,20.7408,-4.63606,1.38386,13.9023,20.7061,-4.6163,1.35591,0.182202,0.118181,0.792712,0.327632
L,13.6977,20.807,-4.67357,1.26294,13.6361,20.7472,-4.68007,1.18097,0.181667,0.11789,0.790083,0.326613
R,13.4632,20.8671,-4.70789,1.14153,13.4014,20.8031,-4.70978,1.05627,0.181138,0.117616,0.787479,0.325611
L,13.2271,20.9211,-4.73904,1.01975,13.1553,20.8436,-4.74431,0.911514,0.180638,0.117398,0.784902,0.324663
R,12.9895,20.969,-4.76702,0.897694,12.9176,20.8859,-4.76697,0.784432,0.180144,0.117208,0.782349,0.323736
L,12.7506,21.0108,-4.79186,0.775469,12.7144,20.9673,-4.7597,0.744286,0.179586,0.116881,0.779826,0.322699
R,12.5106,21.0465,-4.81358,0.653175,12.4761,21.0013,-4.77744,0.620351,0.179031,0.116562,0.777328,0.321674
L,12.2695,21.0761,-4.83219,0.530912,12.2362,21.0492,-4.79282,0.527696,0.178479,0.11621,0.774854,0.320648
R,12.0276,21.0996,-4.84773,0.408778,11.9964,21.0724,-4.8048,0.404358,0.177931,0.115862,0.772406,0.319632
L,11.785,21.117,-4.86022,0.286869,11.7371,21.0265,-4.82187,0.17182,0.177411,0.11572,0.769979,0.318756
R,11.5418,21.1283,-4.86971,0.165281,11.496,21.0319,-4.82473,0.0433451,0.176893,0.115609,0.767578,0.317905
L,11.2982,21.1335,-4.87623,0.0441057,11.2707,21.0446,-4.81543,-0.0579005,0.176356,0.115463,0.765205,0.317018
R,11.0544,21.1327,-4.87982,-0.076565,11.0302,21.0385,-4.81222,-0.185156,0.175821,0.115344,0.762858,0.316153
L,10.8105,21.1259,-4.88053,-0.196643,10.8008,21.0013,-4.79345,-0.350015,0.175283,0.115403,0.760545,0.31541
R,10.5666,21.1131,-4.8784,-0.31604,10.5615,20.9806,-4.78234,-0.478359,0.174748,0.115515,0.75826,0.314703
L,10.3229,21.0943,-4.87349,-0.434674,10.3096,21.0219,-4.79297,-0.496684,0.174221,0.115302,0.755985,0.313785
R,10.0795,21.0697,-4.86585,-0.552463,10.0705,20.9939,-4.77857,-0.620097,0.173696,0.115105,0.753735,0.312882
L,9.83658,21.0391,-4.85554,-0.669327,9.85346,20.9668,-4.74842,-0.728611,0.173181,0.114896,0.75152,0.311978
R,9.59422,21.0028,-4.84262,-0.785189,9.61669,20.9273,-4.7281,-0.850552,0.172673,0.114701,0.749332,0.311089
L,9.35258,20.9607,-4.82714,-0.899977,9.40131,20.8805,-4.69035,-0.972079,0.172202,0.114528,0.747186,0.310217
R,9.11177,20.9128,-4.80919,-1.01362,9.16759,20.8289,-4.66369,-1.09281,0.171748,0.114372,0.745069,0.309362
L,8.87192,20.8594,-4.78881,-1.12605,8.90518,20.7868,-4.66055,-1.18932,0.171264,0.114172,0.742952,0.308494
R,8.63315,20.8003,-4.76608,-1.2372,8.67308,20.7244,-4.62873,-1.30768,0.170793,0.113987,0.740863,0.307643
L,8.39557,20.7358,-4.74108,-1.34701,8.41648,20.6113,-4.59383,-1.49742,0.170306,0.11405,0.738803,0.306966
R,8.1593,20.6657,-4.71387,-1.45542,8.18794,20.5335,-4.55336,-1.61633,0.16983,0.114163,0.736778,0.306326
L,7.92445,20.5903,-4.68453,-1.56237,7.95159,20.4514,-4.5179,-1.73124,0.169356,0.114319,0.734778,0.305716
R,7.69111,20.5096,-4.65313,-1.66781,7.72698,20.362,-4.4715,-1.84778,0.168896,0.114536,0.732815,0.305148
L,7.45939,20.4237,-4.61975,-1.7717,7.45779,20.3103,-4.48001,-1.89135,0.168418,0.114529,0.730818,0.304417
R,7.22939,20.3326,-4.58448,-1.87399,7.23514,20.2129,-4.43119,-2.00306,0.167945,0.114559,0.728853,0.303715
L,7.00119,20.2364,-4.54738,-1.97462,6.985,20.1377,-4.41784,-2.06707,0.16748,0.114476,0.726878,0.302944
R,6.7749,20.1352,-4.50854,-2.07357,6.76554,20.0317,-4.36584,-2.17475,0.167015,0.114418,0.724934,0.302196
L,6.55059,20.0292,-4.46805,-2.17079,6.52245,19.952,-4.35002,-2.22865,0.166567,0.114246,0.722982,0.301391
R,6.32834,19.9183,-4.42598,-2.26625,6.30644,19.838,-4.29545,-2.33209,0.166116,0.114087,0.721058,0.300601
L,6.10823,19.8027,-4.38241,-2.35993,6.05445,19.7594,-4.29394,-2.36575,0.165709,0.113819,0.719115,0.299779
R,5.89034,19.6824,-4.33744,-2.45178,5.84128,19.6387,-4.23806,-2.46445,0.165298,0.113555,0.717196,0.298965
L,5.67472,19.5577,-4.29114,-2.5418,5.63663,19.5263,-4.18244,-2.54388,0.164874,0.113271,0.715299,0.298156
R,5.46145,19.4284,-4.24359,-2.62995,5.42912,19.3968,-4.12278,-2.63947,0.164448,0.11299,0.713429,0.297354
L,5.25059,19.2948,-4.19488,-2.71622,5.20632,19.3112,-4.10596,-2.65955,0.164039,0.112694,0.711549,0.296587
R,5.04219,19.157,-4.1451,-2.80059,5.00266,19.176,-4.04567,-2.7504,0.163628,0.112403,0.709691,0.295819
L,4.8363,19.015,-4.09432,-2.88305,4.81942,19.0172,-3.9555,-2.87116,0.163199,0.112105,0.707883,0.295037
R,4.63297,18.8689,-4.04263,-2.96359,4.62341,18.8715,-3.88943,-2.96004,0.162771,0.11181,0.706105,0.29426
L,4.43224,18.7188,-3.99012,-3.0422,4.42972,18.7468,-3.83822,-3.01278,0.162344,0.111535,0.70434,0.293496
R,4.23416,18.5648,-3.93685,-3.11888,4.23963,18.5941,-3.76989,-3.09786,0.161921,0.111264,0.702607,0.292735
L,4.03876,18.4071,-3.88293,-3.19362,4.08525,18.4338,-3.66468,-3.19514,0.161536,0.110992,0.70096,0.291975
R,3.84606,18.2457,-3.82841,-3.26644,3.90396,18.2721,-3.5912,-3.27752,0.161173,0.110722,0.699359,0.291223
L,3.65611,18.0807,-3.77339,-3.33732,3.67588,18.1392,-3.59046,-3.30128,0.160765,0.110517,0.697686,0.290487
R,3.46891,17.9122,-3.71795,-3.40627,3.49829,17.9722,-3.51743,-3.37898,0.160368,0.110318,0.696051,0.289751
L,3.28449,17.7402,-3.66215,-3.47331,3.29253,17.8038,-3.47908,-3.44203,0.159962,0.110131,0.694405,0.289024
R,3.10287,17.565,-3.60609,-3.53844,3.12055,17.6299,-3.40424,-3.51607,0.159562,0.109949,0.692798,0.288297
L,2.92405,17.3866,-3.54982,-3.60167,2.9243,17.5345,-3.41137,-3.47971,0.159161,0.110172,0.691124,0.287702
R,2.74805,17.2051,-3.49344,-3.66302,2.75563,17.3589,-3.33961,-3.54863,0.158763,0.110433,0.68948,0.287096
L,2.57486,17.0205,-3.437,-3.72251,2.59073,17.1618,-3.25498,-3.63738,0.158372,0.110608,0.687883,0.286444
R,2.4045,16.833,-3.38059,-3.78014,2.42997,16.9784,-3.17941,-3.70362,0.157989,0.110807,0.686324,0.285784
L,2.23695,16.6427,-3.32428,-3.83595,2.2661,16.8021,-3.11737,-3.75408,0.157613,0.111098,0.684786,0.285138
R,2.07221,16.4497,-3.26812,-3.88995,2.11226,16.6129,-3.04008,-3.81694,0.157251,0.111413,0.683292,0.284484
L,1.91027,16.254,-3.21219,-3.94216,1.97176,16.3604,-2.91087,-3.94763,0.156926,0.111389,0.681948,0.283789
R,1.75112,16.0557,-3.15656,-3.99261,1.8284,16.1616,-2.82715,-4.00801,0.156637,0.111364,0.680678,0.283102
L,1.59474,15.8549,-3.10129,-4.04132,1.62963,16.0037,-2.84642,-4.00079,0.156277,0.111575,0.679263,0.282431
R,1.44111,15.6517,-3.04644,-4.08832,1.48941,15.8024,-2.76592,-4.05686,0.155937,0.111795,0.677907,0.28176
L,1.29021,15.4463,-2.99207,-4.13364,1.33017,15.5777,-2.70172,-4.12519,0.155588,0.111897,0.676581,0.281086
R,1.14201,15.2386,-2.93825,-4.1773,1.19723,15.3702,-2.61926,-4.17803,0.155264,0.111999,0.675327,0.280416
L,0.996486,15.0288,-2.88503,-4.21933,1.00441,15.157,-2.62019,-4.21162,0.154897,0.112082,0.673972,0.279751
R,0.853604,14.8169,-2.83246,-4.25977,0.875509,14.9453,-2.53931,-4.26088,0.154538,0.112164,0.672682,0.27909
L,0.71333,14.603,-2.78061,-4.29864,0.749662,14.7272,-2.45654,-4.31213,0.154195,0.112224,0.671468,0.278436
R,0.575628,14.3872,-2.72952,-4.33598,0.628983,14.5106,-2.37371,-4.35828,0.153878,0.112279,0.670339,0.277789
L,0.440459,14.1696,-2.67925,-4.37181,0.45954,14.2946,-2.36632,-4.38379,0.153525,0.112341,0.669118,0.277143
R,0.307779,13.9502,-2.62984,-4.40617,0.343327,14.0745,-2.2852,-4.42661,0.153188,0.112399,0.667979,0.276504
L,0.177545,13.7292,-2.58135,-4.43909,0.29673,13.8062,-2.08249,-4.52833,0.153049,0.112262,0.667298,0.275933
R,0.0497099,13.5065,-2.53381,-4.47061,0.194893,13.5789,-1.99361,-4.56816,0.153014,0.112111,0.666771,0.275379
L,-0.0757753,13.2823,-2.48728,-4.50075,0.0328474,13.3587,-2.0044,-4.58208,0.15284,0.111974,0.666046,0.274804
R,-0.198962,13.0566,-2.44179,-4.52955,-0.0651647,13.1288,-1.91864,-4.61864,0.152759,0.111825,0.665466,0.274245
L,-0.319903,12.8295,-2.39739,-4.55704,-0.110796,12.8889,-1.75567,-4.67163,0.153061,0.111644,0.665361,0.273732
R,-0.438654,12.6011,-2.35412,-4.58326,-0.196258,12.6546,-1.66508,-4.70467,0.15358,0.11145,0.665469,0.273236
L,-0.555273,12.3714,-2.31202,-4.60823,-0.323474,12.4225,-1.64654,-4.7236,0.154019,0.111252,0.665469,0.272733
R,-0.669818,12.1404,-2.27111,-4.63198,-0.403535,12.1857,-1.55802,-4.75353,0.154701,0.111045,0.66569,0.272244
L,-0.78235,11.9083,-2.23144,-4.65456,-0.511048,11.9682,-1.52811,-4.75904,0.155413,0.11087,0.665862,0.271728
R,-0.892931,11.6751,-2.19304,-4.67598,-0.585236,11.7297,-1.44144,-4.786,0.156414,0.110683,0.666265,0.271225
L,-1.00163,11.4409,-2.15594,-4.69628,-0.783524,11.5056,-1.56225,-4.77262,0.156739,0.110523,0.665963,0.270674
R,-1.1085,11.2057,-2.12017,-4.71549,-0.85963,11.2665,-1.48406,-4.79751,0.157261,0.110354,0.665835,0.270135
L,-1.21362,10.9695,-2.08575,-4.73364,-1.05339,11.054,-1.60782,-4.76992,0.157274,0.110254,0.66513,0.269555
R,-1.31706,10.7324,-2.05273,-4.75075,-1.13199,10.8151,-1.53814,-4.79284,0.157406,0.110149,0.664549,0.268982
L,-1.41889,10.4945,-2.02111,-4.76686,-1.27532,10.5673,-1.57328,-4.80342,0.157348,0.110015,0.663763,0.26841
R,-1.51917,10.2559,-1.99093,-4.78198,-1.35228,10.3268,-1.5075,-4.82447,0.157391,0.109876,0.663091,0.267846
L,-1.61797,10.0165,-1.96221,-4.79615,-1.48514,10.1177,-1.54648,-4.80365,0.157294,0.109841,0.662227,0.267271
R,-1.71539,9.77637,-1.93498,-4.80939,-1.56088,9.87722,-1.48513,-4.82297,0.157282,0.109804,0.661465,0.266701
L,-1.81147,9.53564,-1.90924,-4.82172,-1.66428,9.65225,-1.47777,-4.82081,0.15724,0.109834,0.660656,0.266133
R,-1.90631,9.29431,-1.88502,-4.83316,-1.73664,9.41091,-1.4185,-4.83858,0.157295,0.109863,0.659953,0.265568
L,-1.99998,9.05243,-1.86233,-4.84374,-1.82203,9.11707,-1.36756,-4.89202,0.157388,0.109712,0.659343,0.265026
R,-2.09256,8.81003,-1.8412,-4.85347,-1.88887,8.8722,-1.30767,-4.90837,0.157611,0.109555,0.658865,0.264493
L,-2.18412,8.56717,-1.82164,-4.86238,-2.00924,8.62479,-1.33807,-4.91295,0.157687,0.109389,0.658229,0.263959
R,-2.27474,8.32388,-1.80365,-4.87047,-2.07469,8.37891,-1.28169,-4.92796,0.157887,0.109219,0.65772,0.263435
L,-2.3645,8.0802,-1.78726,-4.87778,-2.16041,8.13905,-1.26455,-4.93228,0.158107,0.109058,0.657217,0.262911
R,-2.45348,7.83617,-1.77248,-4.8843,-2.22222,7.89224,-1.20962,-4.94604,0.158478,0.108892,0.656855,0.262397
L,-2.54177,7.59184,-1.75931,-4.89006,-2.3656,7.65267,-1.2935,-4.93514,0.158555,0.108738,0.656182,0.261873
R,-2.62944,7.34723,-1.74777,-4.89507,-2.429,7.40574,-1.24435,-4.94776,0.15875,0.108579,0.655629,0.261357
L,-2.71658,7.10238,-1.73786,-4.89933,-2.57053,7.15808,-1.32591,-4.9413,0.1587,0.108416,0.654819,0.260837
R,-2.80326,6.85734,-1.72958,-4.90286,-2.63569,6.91088,-1.28215,-4.95284,0.158737,0.108249,0.654109,0.260326
L,-2.88957,6.61214,-1.72295,-4.90566,-2.72045,6.69412,-1.28174,-4.93543,0.15878,0.108156,0.653387,0.259805
R,-2.97559,6.36681,-1.71797,-4.90774,-2.78345,6.44722,-1.23993,-4.9461,0.158929,0.108058,0.652774,0.259292
L,-3.0614,6.12139,-1.71464,-4.90911,-2.8615,6.20643,-1.22756,-4.94762,0.159114,0.107976,0.652193,0.258783
R,-3.14709,5.87592,-1.71297,-4.90976,-2.92183,5.95894,-1.18691,-4.95753,0.159434,0.107887,0.651737,0.258282
L,-3.23274,5.63043,-1.71295,-4.9097,-3.0274,5.69374,-1.21883,-4.96974,0.159643,0.107746,0.651185,0.257795
R,-3.31843,5.38496,-1.71458,-4.90893,-3.08736,5.44517,-1.18096,-4.97887,0.159989,0.107599,0.65076,0.257321
L,-3.40424,5.13955,-1.71787,-4.90745,-3.22057,5.19465,-1.26541,-4.97173,0.16009,0.107442,0.650096,0.256844
R,-3.49026,4.89422,-1.72281,-4.90525,-3.28298,4.94601,-1.23261,-4.97997,0.160303,0.10728,0.649543,0.25638
L,-3.57657,4.64902,-1.72939,-4.90233,-3.434,4.68625,-1.34486,-4.97336,0.160237,0.107094,0.648716,0.255916
R,-3.66325,4.40398,-1.73763,-4.89868,-3.50053,4.43755,-1.31802,-4.98054,0.160247,0.106906,0.647978,0.255467
L,-3.75039,4.15913,-1.74749,-4.8943,-3.68118,4.18588,-1.47917,-4.95652,0.159993,0.106711,0.646933,0.254999
R,-3.83806,3.91452,-1.75899,-4.88918,-3.75462,3.93806,-1.46016,-4.96216,0.159767,0.106514,0.645946,0.254545
L,-3.92635,3.67019,-1.77212,-4.8833,-3.84439,3.70076,-1.47165,-4.95427,0.15954,0.106325,0.644968,0.254091
R,-4.01533,3.42616,-1.78686,-4.87666,-3.91748,3.45306,-1.45398,-4.95948,0.159348,0.106133,0.644057,0.253654
L,-4.10509,3.18248,-1.8032,-4.86925,-4.03499,3.21378,-1.51176,-4.94428,0.159102,0.105947,0.643076,0.25321
R,-4.19571,2.93919,-1.82113,-4.86104,-4.11017,2.9666,-1.49728,-4.94868,0.158886,0.105759,0.642159,0.252785
L,-4.28727,2.69633,-1.84065,-4.85202,-4.21622,2.70131,-1.52978,-4.95703,0.158644,0.105558,0.641223,0.252387
R,-4.37985,2.45393,-1.86173,-4.84218,-4.29235,2.45351,-1.51705,-4.96094,0.158435,0.105358,0.640359,0.252014
L,-4.47352,2.21205,-1.88436,-4.83149,-4.43048,2.1999,-1.60442,-4.94922,0.158158,0.105161,0.639381,0.251642
R,-4.56836,1.97072,-1.90853,-4.81994,-4.51043,1.95251,-1.59575,-4.95202,0.1579,0.104969,0.638466,0.251299
L,-4.66444,1.72998,-1.93422,-4.80751,-4.65926,1.69298,-1.69612,-4.94065,0.157604,0.104797,0.637436,0.25096
R,-4.76186,1.48989,-1.9614,-4.79417,-4.7439,1.44605,-1.69178,-4.94214,0.157314,0.104636,0.636459,0.250655
L,-4.86066,1.25049,-1.99007,-4.7799,-4.78808,1.2043,-1.62395,-4.95301,0.157084,0.104479,0.635667,0.250411
R,-4.96095,1.01182,-2.02019,-4.76468,-4.86906,0.956734,-1.61707,-4.95526,0.156892,0.104339,0.634963,0.250216
L,-5.06277,0.77393,-2.05174,-4.74848,-4.92897,0.721415,-1.58022,-4.95431,0.156813,0.104195,0.634437,0.250067
R,-5.16621,0.536876,-2.08471,-4.73127,-5.00773,0.473781,-1.57224,-4.95684,0.156819,0.104074,0.634032,0.249981
L,-5.27133,0.300706,-2.11906,-4.71303,-5.09768,0.232197,-1.58457,-4.95111,0.156884,0.103966,0.633696,0.249938
R,-5.3782,0.0654719,-2.15477,-4.69374,-5.17669,-0.0152707,-1.57748,-4.95338,0.15707,0.103891,0.633499,0.249974
L,-5.4869,-0.168772,-2.1918,-4.67335,-5.26979,-0.253676,-1.59611,-4.94418,0.15733,0.103828,0.633365,0.250053
R,-5.59748,-0.401971,-2.23014,-4.65185,-5.3494,-0.500789,-1.59015,-4.9461,0.157753,0.10381,0.63339,0.250228
L,-5.71001,-0.634069,-2.26974,-4.62919,-5.55896,-0.685275,-1.80806,-4.85538,0.157729,0.103668,0.632854,0.250145
R,-5.82456,-0.865006,-2.31058,-4.60536,-5.64941,-0.927868,-1.8118,-4.85399,0.157796,0.10355,0.632422,0.25014
L,-5.94118,-1.09472,-2.35262,-4.58032,-5.7731,-1.17799,-1.86585,-4.84632,0.157834,0.103485,0.63196,0.250198
R,-6.05993,-1.32316,-2.39581,-4.55404,-5.86648,-1.42011,-1.87151,-4.84414,0.157975,0.103462,0.631608,0.250352
L,-6.18087,-1.55025,-2.44014,-4.52648,-6.05237,-1.62481,-2.03149,-4.77495,0.15788,0.103374,0.630955,0.250345
R,-6.30406,-1.77593,-2.48555,-4.49762,-6.15419,-1.86328,-2.04361,-4.76977,0.157852,0.103321,0.630384,0.250426
L,-6.42954,-2.00014,-2.532,-4.46742,-6.27732,-2.10245,-2.08767,-4.75654,0.157833,0.103318,0.629824,0.250573
R,-6.55738,-2.22281,-2.57946,-4.43585,-6.38197,-2.33999,-2.10099,-4.75067,0.157898,0.10337,0.629355,0.250828
L,-6.68761,-2.44386,-2.62788,-4.40288,-6.57607,-2.54172,-2.26073,-4.67516,0.157759,0.103351,0.628626,0.250907
R,-6.82029,-2.66323,-2.6772,-4.36847,-6.68952,-2.77511,-2.28,-4.6658,0.157673,0.103382,0.627965,0.251084
L,-6.95546,-2.88084,-2.7274,-4.3326,-6.79787,-3.02216,-2.28587,-4.67124,0.157673,0.103538,0.627412,0.251442
R,-7.09316,-3.09663,-2.7784,-4.29523,-6.91256,-3.25536,-2.30439,-4.66214,0.157758,0.103781,0.626944,0.251935
L,-7.23344,-3.3105,-2.83017,-4.25632,-7.06544,-3.44874,-2.39124,-4.6013,0.157795,0.10392,0.626391,0.252316
R,-7.37632,-3.5224,-2.88265,-4.21586,-7.18547,-3.67839,-2.4127,-4.59008,0.15792,0.104144,0.625919,0.252837
L,-7.52184,-3.73223,-2.93579,-4.1738,-7.37913,-3.83234,-2.56466,-4.4759,0.157871,0.10413,0.625221,0.253023
R,-7.67004,-3.93992,-2.98953,-4.13012,-7.50797,-4.05562,-2.59164,-4.46033,0.157885,0.104172,0.624584,0.253327
L,-7.82094,-4.14538,-3.04381,-4.08479,-7.69949,-4.26634,-2.71142,-4.40103,0.157775,0.104234,0.623819,0.253569
R,-7.97457,-4.34854,-3.09857,-4.03778,-7.83574,-4.48579,-2.74156,-4.38232,0.157715,0.104364,0.623105,0.253933
L,-8.13095,-4.5493,-3.15376,-3.98906,-8.03154,-4.70328,-2.8551,-4.32991,0.157553,0.104572,0.622291,0.254278
R,-8.2901,-4.74759,-3.2093,-3.93862,-8.17503,-4.91911,-2.88777,-4.30819,0.157429,0.10487,0.62152,0.254755
L,-8.45204,-4.94331,-3.26514,-3.88641,-8.32586,-5.12823,-2.93023,-4.27759,0.157334,0.105242,0.620777,0.255337
R,-8.61678,-5.13637,-3.32121,-3.83242,-8.4731,-5.34142,-2.96297,-4.25498,0.157291,0.105734,0.620082,0.256081
L,-8.78433,-5.32669,-3.37745,-3.77663,-8.69702,-5.52738,-3.10869,-4.16229,0.157108,0.106194,0.619239,0.256623
R,-8.95469,-5.51417,-3.43377,-3.71901,-8.85327,-5.73469,-3.14495,-4.13497,0.156956,0.106778,0.618431,0.257318
L,-9.12788,-5.69872,-3.49012,-3.65955,-9.0266,-5.91539,-3.21061,-4.07246,0.156803,0.10733,0.617613,0.257991
R,-9.30388,-5.88026,-3.54643,-3.59823,-9.18797,-6.11816,-3.24761,-4.04301,0.156686,0.108023,0.61683,0.258832
L,-9.4827,-6.05868,-3.60261,-3.53503,-9.37695,-6.23571,-3.34806,-3.91007,0.156545,0.108323,0.615985,0.259301
R,-9.66432,-6.23389,-3.6586,-3.46994,-9.54524,-6.43025,-3.38748,-3.87597,0.156436,0.10873,0.615167,0.25992
L,-9.84874,-6.4058,-3.71431,-3.40295,-9.69907,-6.61836,-3.40711,-3.84661,0.156415,0.109231,0.61441,0.260734
R,-10.0359,-6.57431,-3.76969,-3.33404,-9.87028,-6.80972,-3.44538,-3.81236,0.156446,0.10988,0.613685,0.26174
L,-10.2259,-6.73933,-3.82463,-3.26321,-10.0977,-6.95529,-3.56775,-3.69545,0.156362,0.110391,0.61286,0.262475
R,-10.4186,-6.90075,-3.87907,-3.19046,-10.277,-7.13897,-3.60806,-3.6561,0.156316,0.111044,0.612059,0.263388
L,-10.614,-7.05849,-3.93293,-3.11577,-10.5289,-7.29187,-3.74446,-3.53783,0.156138,0.111657,0.611162,0.264055
R,-10.8121,-7.21245,-3.98613,-3.03916,-10.7171,-7.46753,-3.78649,-3.49281,0.15598,0.112414,0.610281,0.264885
L,-11.0128,-7.36252,-4.03859,-2.96062,-10.9821,-7.60263,-3.92933,-3.35208,0.155738,0.113056,0.609331,0.265389
R,-11.2161,-7.50862,-4.09021,-2.88015,-11.1795,-7.76885,-3.97279,-3.30046,0.155502,0.113832,0.60839,0.26603
L,-11.422,-7.65064,-4.14093,-2.79777,-11.3381,-7.90416,-3.97855,-3.24112,0.155326,0.11455,0.607486,0.266784
R,-11.6304,-7.78849,-4.19066,-2.71349,-11.5379,-8.06482,-4.02032,-3.18917,0.155167,0.115426,0.606594,0.267708
L,-11.8413,-7.92208,-4.23932,-2.6273,-11.7272,-8.15752,-4.06982,-3.06349,0.155054,0.116003,0.605706,0.26841
R,-12.0546,-8.05131,-4.28682,-2.53924,-11.9316,-8.30921,-4.1111,-3.00787,0.154962,0.116725,0.604828,0.269279
L,-12.2702,-8.17609,-4.33309,-2.44932,-12.1574,-8.38422,-4.19594,-2.84463,0.154847,0.117125,0.603922,0.269769
R,-12.4881,-8.29633,-4.37802,-2.35756,-12.3681,-8.52483,-4.23701,-2.78308,0.15475,0.117641,0.603024,0.2704
L,-12.7082,-8.41193,-4.42156,-2.26399,-12.5812,-8.58787,-4.29962,-2.62265,0.154671,0.117869,0.602116,0.270721
R,-12.9304,-8.5228,-4.4636,-2.16863,-12.7971,-8.71725,-4.33968,-2.55581,0.154609,0.118185,0.601215,0.271163
L,-13.1547,-8.62886,-4.50407,-2.07151,-13.0823,-8.77853,-4.46071,-2.35696,0.154421,0.118296,0.600282,0.271209
R,-13.381,-8.73002,-4.54289,-1.97267,-13.3062,-8.89443,-4.49955,-2.28193,0.154237,0.118467,0.599354,0.271335
L,-13.6092,-8.82619,-4.57997,-1.87214,-13.537,-8.91948,-4.56115,-2.08065,0.154051,0.118398,0.598427,0.271163
R,-13.8392,-8.91729,-4.61524,-1.76997,-13.7658,-9.02141,-4.5976,-1.9988,0.153867,0.118356,0.597503,0.271043
L,-14.0709,-9.00324,-4.64861,-1.6662,-14.0054,-9.08961,-4.64603,-1.86797,0.153673,0.118271,0.596584,0.270857
R,-14.3043,-9.08395,-4.68001,-1.56086,-14.2384,-9.18082,-4.67945,-1.78259,0.15348,0.118211,0.595668,0.27072
L,-14.5391,-9.15936,-4.70936,-1.45402,-14.4708,-9.25155,-4.71219,-1.67383,0.153292,0.118141,0.594756,0.270579
R,-14.7754,-9.22939,-4.73658,-1.34573,-14.707,-9.333,-4.74237,-1.58632,0.153105,0.118099,0.593849,0.270492
L,-15.013,-9.29397,-4.76161,-1.23603,-14.9873,-9.31218,-4.81682,-1.32539,0.152878,0.117924,0.592954,0.270126
R,-15.2517,-9.35302,-4.78436,-1.125,-15.2286,-9.37598,-4.84241,-1.22862,0.152652,0.117752,0.592063,0.269776
L,-15.4916,-9.40649,-4.80476,-1.01269,-15.4938,-9.45673,-4.88153,-1.15368,0.152421,0.117606,0.591183,0.26948
R,-15.7324,-9.45431,-4.82275,-0.899159,-15.7383,-9.51196,-4.90344,-1.05672,0.152192,0.117471,0.590309,0.269213
L,-15.9741,-9.49642,-4.83827,-0.784484,-15.9972,-9.56601,-4.93305,-0.958939,0.151968,0.117357,0.589445,0.268978
R,-16.2164,-9.53277,-4.85124,-0.668734,-16.2442,-9.61148,-4.95107,-0.861049,0.151748,0.11726,0.588587,0.268781
L,-16.4594,-9.5633,-4.8616,-0.55198,-16.4959,-9.58097,-4.97076,-0.645872,0.151535,0.117089,0.587738,0.268429
R,-16.7027,-9.58797,-4.8693,-0.434301,-16.7446,-9.61064,-4.98313,-0.542218,0.151326,0.116921,0.586896,0.268094
L,-16.9464,-9.60673,-4.87427,-0.315773,-17.0194,-9.5749,-5.00749,-0.329411,0.151154,0.11676,0.586069,0.267697
R,-17.1903,-9.61954,-4.87646,-0.196479,-17.2697,-9.58863,-5.01346,-0.220539,0.150992,0.1166,0.585249,0.267304
L,-17.4342,-9.62636,-4.87583,-0.0765024,-17.5245,-9.59001,-5.01906,-0.0986869,0.150849,0.116444,0.584437,0.266912
R,-17.6781,-9.62717,-4.87232,0.0440703,-17.7753,-9.59219,-5.02002,0.0108955,0.150719,0.116288,0.583632,0.266525
L,-17.9216,-9.62194,-4.86588,0.165151,-18.0238,-9.54452,-5.0098,0.193736,0.150599,0.116193,0.582828,0.266138
R,-18.1648,-9.61064,-4.85648,0.286648,-18.274,-9.53202,-5.00418,0.306249,0.150495,0.116101,0.58203,0.265751
L,-18.4074,-9.59325,-4.84408,0.40847,-18.4898,-9.54591,-4.98001,0.357293,0.150341,0.11596,0.581227,0.265378
R,-18.6493,-9.56977,-4.82864,0.530522,-18.7384,-9.5253,-4.97093,0.466962,0.150199,0.115816,0.580432,0.265014
L,-18.8904,-9.54017,-4.81012,0.652707,-18.9822,-9.50421,-4.95772,0.567334,0.150063,0.115665,0.579645,0.26467
R,-19.1305,-9.50447,-4.78851,0.774927,-19.2296,-9.47313,-4.94405,0.676141,0.149941,0.11551,0.578867,0.26434
L,-19.3694,-9.46265,-4.76378,0.897083,-19.4558,-9.34251,-4.88634,0.937431,0.149796,0.115523,0.57807,0.263968
R,-19.6069,-9.41472,-4.73591,1.01907,-19.6994,-9.29281,-4.86311,1.05131,0.149663,0.115542,0.577279,0.263594
L,-19.8431,-9.36071,-4.70487,1.1408,-19.9325,-9.16039,-4.80134,1.28946,0.149525,0.115874,0.576474,0.263336
R,-20.0775,-9.30061,-4.67066,1.26215,-20.1716,-9.09302,-4.76834,1.40657,0.149396,0.116239,0.575674,0.263073
L,-20.3102,-9.23446,-4.63328,1.38303,-20.3835,-9.17869,-4.77855,1.26492,0.149234,0.116111,0.574906,0.262774
R,-20.5409,-9.16227,-4.59271,1.50334,-20.6216,-9.11281,-4.74906,1.37149,0.149084,0.115976,0.574149,0.262494
L,-20.7696,-9.08409,-4.54895,1.62296,-20.8303,-9.00294,-4.68143,1.53999,0.148908,0.115892,0.573378,0.26216
R,-20.9959,-8.99994,-4.50202,1.74179,-21.0634,-8.92329,-4.64473,1.64736,0.148741,0.1158,0.572618,0.261837
L,-21.2198,-8.90987,-4.45191,1.85972,-21.2588,-8.83508,-4.57763,1.76093,0.148545,0.115705,0.57185,0.261521
R,-21.4412,-8.81393,-4.39865,1.97666,-21.4865,-8.74442,-4.53545,1.86689,0.148356,0.115601,0.571092,0.261218
L,-21.6597,-8.71217,-4.34224,2.0925,-21.691,-8.70311,-4.50105,1.8895,0.148157,0.11544,0.570354,0.261073
R,-21.8754,-8.60465,-4.2827,2.20712,-21.9148,-8.60614,-4.45711,1.99095,0.147965,0.115279,0.569631,0.260958
L,-22.0881,-8.49143,-4.22007,2.32043,-22.1174,-8.51639,-4.40195,2.07535,0.147767,0.115126,0.568918,0.260915
R,-22.2975,-8.37258,-4.15437,2.43232,-22.3362,-8.41019,-4.3539,2.17434,0.147576,0.114983,0.568225,0.260907
L,-22.5035,-8.24817,-4.08564,2.5427,-22.5591,-8.31477,-4.3174,2.2477,0.1474,0.114877,0.567569,0.261008
R,-22.7061,-8.11829,-4.01391,2.65145,-22.7736,-8.20004,-4.26605,2.34369,0.147239,0.114798,0.566939,0.261149
L,-22.9049,-7.98301,-3.93923,2.75848,-22.9661,-7.97344,-4.1336,2.59801,0.147071,0.114641,0.566249,0.260925
R,-23.1,-7.84243,-3.86163,2.8637,-23.1711,-7.84116,-4.07049,2.69582,0.146917,0.114484,0.565577,0.260714
L,-23.2911,-7.69663,-3.78118,2.967,-23.3812,-7.67407,-3.9933,2.83272,0.146791,0.114333,0.564911,0.260452
R,-23.4781,-7.54572,-3.69792,3.06828,-23.579,-7.53012,-3.92377,2.92827,0.146685,0.11418,0.564262,0.260199
L,-23.6609,-7.3898,-3.61191,3.16746,-23.736,-7.36261,-3.80371,3.05583,0.146537,0.114033,0.563582,0.259909
R,-23.8393,-7.22897,-3.52321,3.26445,-23.9241,-7.20758,-3.72713,3.14878,0.146405,0.113883,0.562916,0.259626
L,-24.0132,-7.06336,-3.43189,3.35916,-24.0944,-7.08947,-3.6629,3.18874,0.146268,0.113737,0.562281,0.259426
R,-24.1825,-6.89307,-3.33801,3.45149,-24.2755,-6.92791,-3.58417,3.27699,0.14615,0.113597,0.561667,0.259234
L,-24.347,-6.71823,-3.24166,3.54138,-24.3977,-6.67115,-3.38075,3.49044,0.145977,0.113471,0.560956,0.258898
R,-24.5066,-6.53896,-3.14289,3.62873,-24.5644,-6.49456,-3.28934,3.57671,0.145811,0.113341,0.560253,0.258563
L,-24.6612,-6.35538,-3.0418,3.71347,-24.6601,-6.31218,-3.12088,3.67767,0.145616,0.113211,0.559516,0.258223
R,-24.8107,-6.16764,-2.93846,3.79553,-24.8136,-6.12635,-3.022,3.75934,0.145421,0.11308,0.558784,0.257885
L,-24.955,-5.97587,-2.83295,3.87484,-24.9948,-5.94609,-2.96631,3.81984,0.145241,0.11294,0.558081,0.257556
R,-25.094,-5.7802,-2.72537,3.95132,-25.1405,-5.75329,-2.8655,3.89603,0.145068,0.112798,0.557386,0.257229
L,-25.2276,-5.58079,-2.61581,4.02492,-25.2708,-5.5687,-2.75875,3.95924,0.144892,0.11265,0.556695,0.25691
R,-25.3556,-5.37777,-2.50435,4.09557,-25.406,-5.36907,-2.65429,4.03002,0.144724,0.112502,0.556011,0.256592
L,-25.4779,-5.1713,-2.39109,4.16322,-25.5383,-5.15571,-2.54366,4.10805,0.144566,0.112356,0.555332,0.256269
R,-25.5946,-4.96152,-2.27613,4.22781,-25.6627,-4.94879,-2.43516,4.17328,0.144418,0.11221,0.554661,0.255947
L,-25.7055,-4.7486,-2.15956,4.2893,-25.7756,-4.76368,-2.33422,4.21257,0.144273,0.112065,0.554005,0.255641
R,-25.8105,-4.53268,-2.04149,4.34764,-25.8894,-4.55168,-2.22349,4.27205,0.14414,0.111923,0.553358,0.255336
L,-25.9096,-4.31392,-1.92202,4.40279,-25.9825,-4.32025,-2.07922,4.34712,0.144,0.111777,0.552693,0.255018
R,-26.0027,-4.0925,-1.80125,4.45471,-26.0835,-4.10168,-1.96371,4.40051,0.143872,0.111632,0.552036,0.254701
L,-26.0897,-3.86856,-1.67928,4.50337,-26.1508,-3.83989,-1.78055,4.49114,0.143718,0.111497,0.551342,0.25437
R,-26.1706,-3.64227,-1.55623,4.54875,-26.2367,-3.61429,-1.65856,4.53761,0.143572,0.111362,0.550652,0.254041
L,-26.2453,-3.41381,-1.4322,4.59081,-26.2322,-3.3408,-1.38197,4.62675,0.143388,0.111279,0.549946,0.25372
R,-26.3138,-3.18332,-1.30729,4.62954,-26.298,-3.10865,-1.24996,4.66415,0.143205,0.111201,0.549245,0.253398
L,-26.376,-2.95098,-1.18162,4.66493,-26.313,-2.86375,-1.04324,4.70755,0.143056,0.111146,0.548583,0.253082
R,-26.4319,-2.71697,-1.05529,4.69696,-26.3617,-2.62779,-0.905903,4.7359,0.142917,0.111095,0.547932,0.252765
L,-26.4815,-2.48143,-0.928411,4.72562,-26.4913,-2.45974,-0.941576,4.70865,0.142735,0.110958,0.547231,0.252443
R,-26.5247,-2.24456,-0.80109,4.75091,-26.535,-2.22383,-0.811241,4.73285,0.142554,0.110821,0.546533,0.252122
L,-26.5616,-2.0065,-0.673434,4.77284,-26.6068,-2.01943,-0.750121,4.7298,0.142391,0.110682,0.545851,0.251811
R,-26.5921,-1.76744,-0.545553,4.79141,-26.6411,-1.7826,-0.622012,4.74835,0.142231,0.110544,0.545171,0.2515
L,-26.6161,-1.52753,-0.417552,4.80664,-26.6156,-1.53381,-0.403268,4.76865,0.142051,0.110405,0.544481,0.251189
R,-26.6338,-1.28695,-0.289538,4.81852,-26.6324,-1.29527,-0.270412,4.77803,0.141872,0.110266,0.543794,0.25088
L,-26.6451,-1.04586,-0.161616,4.8271,-26.6345,-1.06661,-0.128242,4.77584,0.141694,0.110132,0.543111,0.250577
R,-26.65,-0.804425,-0.0338883,4.83238,-26.6376,-0.82791,0.00523907,4.77755,0.141517,0.11,0.542432,0.250277
L,-26.6485,-0.562811,0.0935412,4.83439,-26.6616,-0.593255,0.0924794,4.77729,0.141341,0.109873,0.541752,0.24998
R,-26.6406,-0.321181,0.220572,4.83317,-26.6537,-0.354632,0.223975,4.77294,0.141166,0.109748,0.541074,0.249685
L,-26.6264,-0.0796947,0.347104,4.82874,-26.5847,-0.0888278,0.451833,4.77105,0.141005,0.109612,0.540425,0.24939
R,-26.6059,0.161489,0.473041,4.82116,-26.5588,0.149224,0.586707,4.75635,0.140849,0.109477,0.539782,0.249101
L,-26.5792,0.402213,0.598287,4.81045,-26.5491,0.409336,0.688351,4.75959,0.140682,0.109342,0.53913,0.248804
R,-26.5462,0.642323,0.722748,4.79667,-26.5114,0.646654,0.821011,4.73851,0.140519,0.109207,0.538485,0.248513
L,-26.5069,0.881666,0.846334,4.77986,-26.5384,0.903659,0.838711,4.75026,0.140354,0.109077,0.53782,0.24821
R,-26.4616,1.12009,0.968955,4.76007,-26.4933,1.14043,0.965887,4.72604,0.14019,0.108947,0.537157,0.24791
L,-26.4101,1.35745,1.09053,4.73737,-26.4299,1.38173,1.11257,4.6982,0.140021,0.10882,0.536498,0.247613
R,-26.3526,1.59361,1.21096,4.71181,-26.3711,1.61571,1.23896,4.66646,0.139852,0.108692,0.535842,0.24732
L,-26.2891,1.82841,1.33018,4.68345,-26.3204,1.84147,1.34091,4.6325,0.13969,0.108561,0.535187,0.24703
R,-26.2197,2.06173,1.44811,4.65235,-26.2503,2.07202,1.46464,4.59488,0.139528,0.10843,0.534534,0.246745
L,-26.1444,2.29342,1.56467,4.61859,-26.1932,2.2869,1.55676,4.55251,0.139379,0.108298,0.533884,0.246466
R,-26.0633,2.52336,1.67979,4.58223,-26.1124,2.51332,1.67735,4.50947,0.13923,0.108168,0.533235,0.246193
L,-25.9765,2.75141,1.79339,4.54334,-26.0379,2.74754,1.77709,4.47658,0.139095,0.108037,0.53259,0.245917
R,-25.8841,2.97746,1.90543,4.502,-25.9461,2.97002,1.89461,4.42812,0.13896,0.107907,0.531947,0.245646
L,-25.7861,3.20139,2.01582,4.45828,-25.8518,3.22041,2.00307,4.40185,0.13883,0.107781,0.531306,0.245366
R,-25.6826,3.42306,2.12452,4.41227,-25.7488,3.43902,2.11755,4.34794,0.138701,0.107654,0.530667,0.245091
L,-25.5737,3.64239,2.23146,4.36404,-25.6466,3.65313,2.22116,4.29317,0.138581,0.107527,0.53003,0.244822
R,-25.4596,3.85924,2.3366,4.31367,-25.5328,3.86618,2.33242,4.23376,0.138461,0.107398,0.529396,0.24456
L,-25.3402,4.07353,2.43989,4.26125,-25.4991,4.08012,2.31459,4.22312,0.138513,0.107271,0.528799,0.244275
R,-25.2157,4.28514,2.54127,4.20686,-25.3808,4.28967,2.41937,4.16398,0.138582,0.107143,0.528203,0.243993
L,-25.0863,4.49399,2.64071,4.15058,-25.1973,4.48921,2.61066,4.06062,0.138523,0.107016,0.527577,0.243742
R,-24.9518,4.69998,2.73817,4.09251,-25.0643,4.69041,2.71445,3.99198,0.138467,0.10689,0.526953,0.243503
L,-24.8126,4.90303,2.83361,4.03273,-24.9541,4.89365,2.77601,3.94342,0.138475,0.106765,0.526337,0.243253
R,-24.6686,5.10304,2.92701,3.97132,-24.8129,5.08891,2.87525,3.87166,0.138488,0.106641,0.525722,0.243015
L,-24.5201,5.29995,3.01833,3.90839,-24.6304,5.28221,3.02162,3.77517,0.138429,0.106519,0.525104,0.242814
R,-24.367,5.49367,3.10754,3.84401,-24.477,5.46888,3.118,3.69597,0.138369,0.106401,0.524487,0.242635
L,-24.2095,5.68414,3.19464,3.77827,-24.2668,5.63203,3.28463,3.55839,0.138235,0.106306,0.523891,0.242585
R,-24.0477,5.8713,3.27959,3.71127,-24.1003,5.80763,3.37797,3.4699,0.138096,0.106226,0.5233,0.242582
L,-23.8818,6.05508,3.36239,3.64309,-23.9236,5.97183,3.47765,3.36751,0.13795,0.106178,0.522719,0.242664
R,-23.7117,6.23542,3.44302,3.57383,-23.7476,6.13776,3.56627,3.27351,0.137801,0.106159,0.522145,0.242814
L,-23.5377,6.41227,3.52148,3.50357,-23.5849,6.30318,3.63023,3.19477,0.137659,0.106166,0.521565,0.242988
R,-23.3598,6.58559,3.59775,3.4324,-23.4014,6.46039,3.71351,3.09757,0.137515,0.106214,0.520991,0.24324
L,-23.1781,6.75533,3.67185,3.36041,-23.1871,6.64408,3.81644,3.01579,0.137356,0.106226,0.520435,0.243523
R,-22.9928,6.92146,3.74376,3.28768,-22.9945,6.79223,3.8946,2.91416,0.137198,0.106285,0.519886,0.243902
L,-22.804,7.08393,3.8135,3.21431,-22.7865,6.95266,3.97797,2.8237,0.137043,0.106349,0.519348,0.244341
R,-22.6117,7.24273,3.88106,3.14038,-22.5859,7.09112,4.05071,2.71832,0.136891,0.106475,0.518815,0.244896
L,-22.4161,7.39782,3.94647,3.06598,-22.4146,7.2523,4.0789,2.67002,0.136734,0.106581,0.51826,0.245348
R,-22.2173,7.54917,4.00974,2.99118,-22.2091,7.38308,4.14602,2.56456,0.136579,0.106754,0.517709,0.245914
L,-22.0154,7.69679,4.07087,2.91607,-22.0527,7.56247,4.14253,2.5637,0.136435,0.106825,0.517131,0.246209
R,-21.8105,7.84064,4.12989,2.84074,-21.8442,7.68801,4.20428,2.46113,0.136289,0.106951,0.516555,0.246594
L,-21.6026,7.98072,4.18681,2.76526,-21.6453,7.83811,4.24286,2.40548,0.13615,0.107046,0.515976,0.246909
R,-21.392,8.11703,4.24166,2.68971,-21.4319,7.95573,4.29961,2.30251,0.136009,0.107199,0.515399,0.247316
L,-21.1787,8.24957,4.29447,2.61417,-21.1742,8.00568,4.40756,2.08483,0.135855,0.107704,0.514845,0.248314
R,-20.9628,8.37833,4.34526,2.53871,-20.9526,8.10706,4.45867,1.97317,0.135703,0.10835,0.514293,0.249482
L,-20.7444,8.50333,4.39406,2.46341,-20.8079,8.29688,4.41495,2.04243,0.135584,0.10867,0.513716,0.249999
R,-20.5237,8.62457,4.4409,2.38835,-20.5861,8.39633,4.46169,1.93822,0.135464,0.109084,0.513141,0.250627
L,-20.3006,8.74206,4.48582,2.31358,-20.3496,8.52708,4.50855,1.87933,0.135332,0.109436,0.512567,0.251187
R,-20.0753,8.85583,4.52884,2.23919,-20.1233,8.61838,4.55066,1.77492,0.1352,0.109888,0.511996,0.251864
L,-19.848,8.96589,4.57001,2.16524,-19.9337,8.75507,4.54643,1.7654,0.13511,0.110215,0.511427,0.25229
R,-19.6186,9.07227,4.60937,2.09179,-19.7056,8.84075,4.58445,1.66415,0.135022,0.110632,0.51086,0.252814
L,-19.3873,9.17499,4.64694,2.01891,-19.4802,8.93321,4.6141,1.58228,0.134943,0.111095,0.510295,0.25337
R,-19.1542,9.27409,4.68278,1.94666,-19.2488,9.00972,4.64778,1.48043,0.134868,0.111666,0.509733,0.254037
L,-18.9193,9.36959,4.71692,1.8751,-18.9693,9.08876,4.71517,1.3673,0.134739,0.11232,0.50917,0.254876
R,-18.6827,9.46154,4.7494,1.80429,-18.733,9.15447,4.74419,1.26293,0.134611,0.113118,0.508609,0.25586
L,-18.4446,9.54996,4.78028,1.73429,-18.4986,9.27603,4.75989,1.25524,0.134487,0.113722,0.508051,0.256563
R,-18.2049,9.63492,4.80959,1.66514,-18.2601,9.33621,4.78542,1.15406,0.134364,0.114455,0.507495,0.257397
L,-17.9639,9.71643,4.83737,1.59691,-18.0011,9.4654,4.81386,1.16223,0.134229,0.114931,0.50694,0.257918
R,-17.7214,9.79457,4.86368,1.52964,-17.76,9.52103,4.83637,1.0647,0.134094,0.115515,0.506388,0.258551
L,-17.4777,9.86936,4.88856,1.46338,-17.5075,9.64521,4.8553,1.08118,0.133955,0.115862,0.505839,0.258884
R,-17.2328,9.94087,4.91205,1.39818,-17.2644,9.6969,4.87516,0.987755,0.133818,0.116294,0.505292,0.25931
L,-16.9868,10.0091,4.93421,1.33408,-17.0196,9.84554,4.8803,1.05891,0.133681,0.116417,0.504749,0.259345
R,-16.7396,10.0743,4.95507,1.27113,-16.7752,9.89628,4.89834,0.972039,0.133547,0.116586,0.50421,0.259438
L,-16.4915,10.1362,4.97469,1.20937,-16.5436,10.0415,4.89025,1.05027,0.133424,0.116543,0.50368,0.259263
R,-16.2424,10.1952,4.99311,1.14883,-16.2988,10.0919,4.90676,0.970191,0.133306,0.116516,0.503153,0.259116
L,-15.9924,10.2511,5.01039,1.08956,-16.0485,10.1491,4.92404,0.905925,0.133188,0.116487,0.502628,0.258977
R,-15.7416,10.3041,5.02655,1.03159,-15.8021,10.1923,4.93807,0.826011,0.133075,0.116477,0.502105,0.258875
L,-15.4899,10.3543,5.04166,0.974957,-15.5555,10.2208,4.95149,0.728304,0.132967,0.116516,0.501584,0.258849
R,-15.2376,10.4016,5.05576,0.919692,-15.3078,10